[{"model": "admin.logentry", "pk": 1, "fields": {"action_time": "2021-01-17T20:08:29.719Z", "user": 5, "content_type": 7, "object_id": "1", "object_repr": "ezberle.com", "action_flag": 2, "change_message": "[{\"changed\": {\"fields\": [\"Domain name\", \"Display name\"]}}]"}}, {"model": "admin.logentry", "pk": 2, "fields": {"action_time": "2021-02-05T19:36:01.037Z", "user": 5, "content_type": 11, "object_id": "1", "object_repr": "Google", "action_flag": 1, "change_message": "[{\"added\": {}}]"}}, {"model": "admin.logentry", "pk": 3, "fields": {"action_time": "2021-02-05T19:36:24.355Z", "user": 5, "content_type": 11, "object_id": "1", "object_repr": "Ezberle", "action_flag": 2, "change_message": "[{\"changed\": {\"fields\": [\"Name\"]}}]"}}, {"model": "admin.logentry", "pk": 4, "fields": {"action_time": "2021-02-05T19:54:03.707Z", "user": 5, "content_type": 11, "object_id": "1", "object_repr": "Ezberle", "action_flag": 2, "change_message": "[{\"changed\": {\"fields\": [\"Client id\", \"Secret key\"]}}]"}}, {"model": "auth.permission", "pk": 1, "fields": {"name": "Can add log entry", "content_type": 1, "codename": "add_logentry"}}, {"model": "auth.permission", "pk": 2, "fields": {"name": "Can change log entry", "content_type": 1, "codename": "change_logentry"}}, {"model": "auth.permission", "pk": 3, "fields": {"name": "Can delete log entry", "content_type": 1, "codename": "delete_logentry"}}, {"model": "auth.permission", "pk": 4, "fields": {"name": "Can view log entry", "content_type": 1, "codename": "view_logentry"}}, {"model": "auth.permission", "pk": 5, "fields": {"name": "Can add permission", "content_type": 2, "codename": "add_permission"}}, {"model": "auth.permission", "pk": 6, "fields": {"name": "Can change permission", "content_type": 2, "codename": "change_permission"}}, {"model": "auth.permission", "pk": 7, "fields": {"name": "Can delete permission", "content_type": 2, "codename": "delete_permission"}}, {"model": "auth.permission", "pk": 8, "fields": {"name": "Can view permission", "content_type": 2, "codename": "view_permission"}}, {"model": "auth.permission", "pk": 9, "fields": {"name": "Can add group", "content_type": 3, "codename": "add_group"}}, {"model": "auth.permission", "pk": 10, "fields": {"name": "Can change group", "content_type": 3, "codename": "change_group"}}, {"model": "auth.permission", "pk": 11, "fields": {"name": "Can delete group", "content_type": 3, "codename": "delete_group"}}, {"model": "auth.permission", "pk": 12, "fields": {"name": "Can view group", "content_type": 3, "codename": "view_group"}}, {"model": "auth.permission", "pk": 13, "fields": {"name": "Can add user", "content_type": 4, "codename": "add_user"}}, {"model": "auth.permission", "pk": 14, "fields": {"name": "Can change user", "content_type": 4, "codename": "change_user"}}, {"model": "auth.permission", "pk": 15, "fields": {"name": "Can delete user", "content_type": 4, "codename": "delete_user"}}, {"model": "auth.permission", "pk": 16, "fields": {"name": "Can view user", "content_type": 4, "codename": "view_user"}}, {"model": "auth.permission", "pk": 17, "fields": {"name": "Can add content type", "content_type": 5, "codename": "add_contenttype"}}, {"model": "auth.permission", "pk": 18, "fields": {"name": "Can change content type", "content_type": 5, "codename": "change_contenttype"}}, {"model": "auth.permission", "pk": 19, "fields": {"name": "Can delete content type", "content_type": 5, "codename": "delete_contenttype"}}, {"model": "auth.permission", "pk": 20, "fields": {"name": "Can view content type", "content_type": 5, "codename": "view_contenttype"}}, {"model": "auth.permission", "pk": 21, "fields": {"name": "Can add session", "content_type": 6, "codename": "add_session"}}, {"model": "auth.permission", "pk": 22, "fields": {"name": "Can change session", "content_type": 6, "codename": "change_session"}}, {"model": "auth.permission", "pk": 23, "fields": {"name": "Can delete session", "content_type": 6, "codename": "delete_session"}}, {"model": "auth.permission", "pk": 24, "fields": {"name": "Can view session", "content_type": 6, "codename": "view_session"}}, {"model": "auth.permission", "pk": 25, "fields": {"name": "Can add site", "content_type": 7, "codename": "add_site"}}, {"model": "auth.permission", "pk": 26, "fields": {"name": "Can change site", "content_type": 7, "codename": "change_site"}}, {"model": "auth.permission", "pk": 27, "fields": {"name": "Can delete site", "content_type": 7, "codename": "delete_site"}}, {"model": "auth.permission", "pk": 28, "fields": {"name": "Can view site", "content_type": 7, "codename": "view_site"}}, {"model": "auth.permission", "pk": 29, "fields": {"name": "Can add email address", "content_type": 8, "codename": "add_emailaddress"}}, {"model": "auth.permission", "pk": 30, "fields": {"name": "Can change email address", "content_type": 8, "codename": "change_emailaddress"}}, {"model": "auth.permission", "pk": 31, "fields": {"name": "Can delete email address", "content_type": 8, "codename": "delete_emailaddress"}}, {"model": "auth.permission", "pk": 32, "fields": {"name": "Can view email address", "content_type": 8, "codename": "view_emailaddress"}}, {"model": "auth.permission", "pk": 33, "fields": {"name": "Can add email confirmation", "content_type": 9, "codename": "add_emailconfirmation"}}, {"model": "auth.permission", "pk": 34, "fields": {"name": "Can change email confirmation", "content_type": 9, "codename": "change_emailconfirmation"}}, {"model": "auth.permission", "pk": 35, "fields": {"name": "Can delete email confirmation", "content_type": 9, "codename": "delete_emailconfirmation"}}, {"model": "auth.permission", "pk": 36, "fields": {"name": "Can view email confirmation", "content_type": 9, "codename": "view_emailconfirmation"}}, {"model": "auth.permission", "pk": 37, "fields": {"name": "Can add social account", "content_type": 10, "codename": "add_socialaccount"}}, {"model": "auth.permission", "pk": 38, "fields": {"name": "Can change social account", "content_type": 10, "codename": "change_socialaccount"}}, {"model": "auth.permission", "pk": 39, "fields": {"name": "Can delete social account", "content_type": 10, "codename": "delete_socialaccount"}}, {"model": "auth.permission", "pk": 40, "fields": {"name": "Can view social account", "content_type": 10, "codename": "view_socialaccount"}}, {"model": "auth.permission", "pk": 41, "fields": {"name": "Can add social application", "content_type": 11, "codename": "add_socialapp"}}, {"model": "auth.permission", "pk": 42, "fields": {"name": "Can change social application", "content_type": 11, "codename": "change_socialapp"}}, {"model": "auth.permission", "pk": 43, "fields": {"name": "Can delete social application", "content_type": 11, "codename": "delete_socialapp"}}, {"model": "auth.permission", "pk": 44, "fields": {"name": "Can view social application", "content_type": 11, "codename": "view_socialapp"}}, {"model": "auth.permission", "pk": 45, "fields": {"name": "Can add social application token", "content_type": 12, "codename": "add_socialtoken"}}, {"model": "auth.permission", "pk": 46, "fields": {"name": "Can change social application token", "content_type": 12, "codename": "change_socialtoken"}}, {"model": "auth.permission", "pk": 47, "fields": {"name": "Can delete social application token", "content_type": 12, "codename": "delete_socialtoken"}}, {"model": "auth.permission", "pk": 48, "fields": {"name": "Can view social application token", "content_type": 12, "codename": "view_socialtoken"}}, {"model": "auth.permission", "pk": 49, "fields": {"name": "Can add word", "content_type": 13, "codename": "add_word"}}, {"model": "auth.permission", "pk": 50, "fields": {"name": "Can change word", "content_type": 13, "codename": "change_word"}}, {"model": "auth.permission", "pk": 51, "fields": {"name": "Can delete word", "content_type": 13, "codename": "delete_word"}}, {"model": "auth.permission", "pk": 52, "fields": {"name": "Can view word", "content_type": 13, "codename": "view_word"}}, {"model": "auth.permission", "pk": 53, "fields": {"name": "Can add search", "content_type": 14, "codename": "add_search"}}, {"model": "auth.permission", "pk": 54, "fields": {"name": "Can change search", "content_type": 14, "codename": "change_search"}}, {"model": "auth.permission", "pk": 55, "fields": {"name": "Can delete search", "content_type": 14, "codename": "delete_search"}}, {"model": "auth.permission", "pk": 56, "fields": {"name": "Can view search", "content_type": 14, "codename": "view_search"}}, {"model": "auth.permission", "pk": 57, "fields": {"name": "Can add daily words", "content_type": 15, "codename": "add_dailywords"}}, {"model": "auth.permission", "pk": 58, "fields": {"name": "Can change daily words", "content_type": 15, "codename": "change_dailywords"}}, {"model": "auth.permission", "pk": 59, "fields": {"name": "Can delete daily words", "content_type": 15, "codename": "delete_dailywords"}}, {"model": "auth.permission", "pk": 60, "fields": {"name": "Can view daily words", "content_type": 15, "codename": "view_dailywords"}}, {"model": "auth.permission", "pk": 61, "fields": {"name": "Can add word tr", "content_type": 16, "codename": "add_wordtr"}}, {"model": "auth.permission", "pk": 62, "fields": {"name": "Can change word tr", "content_type": 16, "codename": "change_wordtr"}}, {"model": "auth.permission", "pk": 63, "fields": {"name": "Can delete word tr", "content_type": 16, "codename": "delete_wordtr"}}, {"model": "auth.permission", "pk": 64, "fields": {"name": "Can view word tr", "content_type": 16, "codename": "view_wordtr"}}, {"model": "auth.permission", "pk": 65, "fields": {"name": "Can add word en", "content_type": 13, "codename": "add_worden"}}, {"model": "auth.permission", "pk": 66, "fields": {"name": "Can change word en", "content_type": 13, "codename": "change_worden"}}, {"model": "auth.permission", "pk": 67, "fields": {"name": "Can delete word en", "content_type": 13, "codename": "delete_worden"}}, {"model": "auth.permission", "pk": 68, "fields": {"name": "Can view word en", "content_type": 13, "codename": "view_worden"}}, {"model": "auth.permission", "pk": 69, "fields": {"name": "Can add association", "content_type": 17, "codename": "add_association"}}, {"model": "auth.permission", "pk": 70, "fields": {"name": "Can change association", "content_type": 17, "codename": "change_association"}}, {"model": "auth.permission", "pk": 71, "fields": {"name": "Can delete association", "content_type": 17, "codename": "delete_association"}}, {"model": "auth.permission", "pk": 72, "fields": {"name": "Can view association", "content_type": 17, "codename": "view_association"}}, {"model": "auth.permission", "pk": 73, "fields": {"name": "Can add code", "content_type": 18, "codename": "add_code"}}, {"model": "auth.permission", "pk": 74, "fields": {"name": "Can change code", "content_type": 18, "codename": "change_code"}}, {"model": "auth.permission", "pk": 75, "fields": {"name": "Can delete code", "content_type": 18, "codename": "delete_code"}}, {"model": "auth.permission", "pk": 76, "fields": {"name": "Can view code", "content_type": 18, "codename": "view_code"}}, {"model": "auth.permission", "pk": 77, "fields": {"name": "Can add nonce", "content_type": 19, "codename": "add_nonce"}}, {"model": "auth.permission", "pk": 78, "fields": {"name": "Can change nonce", "content_type": 19, "codename": "change_nonce"}}, {"model": "auth.permission", "pk": 79, "fields": {"name": "Can delete nonce", "content_type": 19, "codename": "delete_nonce"}}, {"model": "auth.permission", "pk": 80, "fields": {"name": "Can view nonce", "content_type": 19, "codename": "view_nonce"}}, {"model": "auth.permission", "pk": 81, "fields": {"name": "Can add user social auth", "content_type": 20, "codename": "add_usersocialauth"}}, {"model": "auth.permission", "pk": 82, "fields": {"name": "Can change user social auth", "content_type": 20, "codename": "change_usersocialauth"}}, {"model": "auth.permission", "pk": 83, "fields": {"name": "Can delete user social auth", "content_type": 20, "codename": "delete_usersocialauth"}}, {"model": "auth.permission", "pk": 84, "fields": {"name": "Can view user social auth", "content_type": 20, "codename": "view_usersocialauth"}}, {"model": "auth.permission", "pk": 85, "fields": {"name": "Can add partial", "content_type": 21, "codename": "add_partial"}}, {"model": "auth.permission", "pk": 86, "fields": {"name": "Can change partial", "content_type": 21, "codename": "change_partial"}}, {"model": "auth.permission", "pk": 87, "fields": {"name": "Can delete partial", "content_type": 21, "codename": "delete_partial"}}, {"model": "auth.permission", "pk": 88, "fields": {"name": "Can view partial", "content_type": 21, "codename": "view_partial"}}, {"model": "auth.user", "pk": 1, "fields": {"password": "pbkdf2_sha256$216000$KntsLraN0vTv$Zsdd96c8q/vKgeh+dPjKSbHV0OQ8QBJBed2495X0BWQ=", "last_login": "2021-01-04T13:13:39.193Z", "is_superuser": false, "username": "cleveyton", "first_name": "", "last_name": "", "email": "", "is_staff": false, "is_active": true, "date_joined": "2020-12-08T13:57:14.384Z", "groups": [], "user_permissions": []}}, {"model": "auth.user", "pk": 2, "fields": {"password": "pbkdf2_sha256$216000$IWQLWP5rT9hX$iejSW7E5qrm3+SCBDB1OeaQx+6Mcb1Kft84Wb1Ttbr4=", "last_login": "2020-12-21T12:35:16.991Z", "is_superuser": false, "username": "asimtas13", "first_name": "", "last_name": "", "email": "asimtas13@gmail.com", "is_staff": false, "is_active": true, "date_joined": "2020-12-21T12:34:29.893Z", "groups": [], "user_permissions": []}}, {"model": "auth.user", "pk": 3, "fields": {"password": "pbkdf2_sha256$216000$MQfJ6FzQCjWD$lm+LT/eJZGglEu/uYaNXwpAhzBJwZJSggiOVgkF+DbY=", "last_login": "2021-02-07T14:43:29.702Z", "is_superuser": false, "username": "conroy", "first_name": "", "last_name": "", "email": "republicenemy@hotmail.com", "is_staff": false, "is_active": true, "date_joined": "2021-01-04T15:39:46.537Z", "groups": [], "user_permissions": []}}, {"model": "auth.user", "pk": 4, "fields": {"password": "pbkdf2_sha256$216000$M9ese0dzovDM$hdBc80Rgi13THxTTB0IFmZOtzR+6PR2pWIT/Ia2jaNg=", "last_login": "2021-01-04T16:09:23.302Z", "is_superuser": false, "username": "", "first_name": "", "last_name": "", "email": "mtash3469@gmail.com", "is_staff": false, "is_active": true, "date_joined": "2021-01-04T16:09:22.976Z", "groups": [], "user_permissions": []}}, {"model": "auth.user", "pk": 5, "fields": {"password": "pbkdf2_sha256$216000$ALDQCk63TmZH$IeWTEEt69YEqc1TDkxYkStnpc2TLa4yF1aza7B9PQ+Y=", "last_login": "2021-02-05T19:53:32.991Z", "is_superuser": true, "username": "admin", "first_name": "", "last_name": "", "email": "", "is_staff": true, "is_active": true, "date_joined": "2021-01-17T20:06:06.592Z", "groups": [], "user_permissions": []}}, {"model": "contenttypes.contenttype", "pk": 1, "fields": {"app_label": "admin", "model": "logentry"}}, {"model": "contenttypes.contenttype", "pk": 2, "fields": {"app_label": "auth", "model": "permission"}}, {"model": "contenttypes.contenttype", "pk": 3, "fields": {"app_label": "auth", "model": "group"}}, {"model": "contenttypes.contenttype", "pk": 4, "fields": {"app_label": "auth", "model": "user"}}, {"model": "contenttypes.contenttype", "pk": 5, "fields": {"app_label": "contenttypes", "model": "contenttype"}}, {"model": "contenttypes.contenttype", "pk": 6, "fields": {"app_label": "sessions", "model": "session"}}, {"model": "contenttypes.contenttype", "pk": 7, "fields": {"app_label": "sites", "model": "site"}}, {"model": "contenttypes.contenttype", "pk": 8, "fields": {"app_label": "account", "model": "emailaddress"}}, {"model": "contenttypes.contenttype", "pk": 9, "fields": {"app_label": "account", "model": "emailconfirmation"}}, {"model": "contenttypes.contenttype", "pk": 10, "fields": {"app_label": "socialaccount", "model": "socialaccount"}}, {"model": "contenttypes.contenttype", "pk": 11, "fields": {"app_label": "socialaccount", "model": "socialapp"}}, {"model": "contenttypes.contenttype", "pk": 12, "fields": {"app_label": "socialaccount", "model": "socialtoken"}}, {"model": "contenttypes.contenttype", "pk": 13, "fields": {"app_label": "my_dict", "model": "worden"}}, {"model": "contenttypes.contenttype", "pk": 14, "fields": {"app_label": "my_dict", "model": "search"}}, {"model": "contenttypes.contenttype", "pk": 15, "fields": {"app_label": "my_dict", "model": "dailywords"}}, {"model": "contenttypes.contenttype", "pk": 16, "fields": {"app_label": "my_dict", "model": "wordtr"}}, {"model": "contenttypes.contenttype", "pk": 17, "fields": {"app_label": "social_django", "model": "association"}}, {"model": "contenttypes.contenttype", "pk": 18, "fields": {"app_label": "social_django", "model": "code"}}, {"model": "contenttypes.contenttype", "pk": 19, "fields": {"app_label": "social_django", "model": "nonce"}}, {"model": "contenttypes.contenttype", "pk": 20, "fields": {"app_label": "social_django", "model": "usersocialauth"}}, {"model": "contenttypes.contenttype", "pk": 21, "fields": {"app_label": "social_django", "model": "partial"}}, {"model": "sessions.session", "pk": "02ee2wj6a8ionnv7y0xzukt1zyknunvw", "fields": {"session_data": ".eJxVjMEOwiAQBf-FsyEUKIUevfsNZHcBixowpU00xn_XJj3o9c28eTEP6zL5tcXZ58BG1rHD74ZA11g2EC5QzpVTLcuckW8K32njpxri7bi7f4EJ2vR9W4vW2EG4FJID3YtgSVI_SEWxc0ImI4NRSoHTVqEh6lBpBJEoCEcRt2iLreVafHzc8_xko3h_AH7eP0M:1krjGB:vYRMGN65XVuXp4dpaCkDjZc789CsYMM6N4mnLR384RY", "expire_date": "2021-01-05T15:07:35.070Z"}}, {"model": "sessions.session", "pk": "0ekf6mp7tjnz13omttv76iws37z1lfn2", "fields": {"session_data": ".eJxVjMEOwiAQBf-FsyEUKIUevfsNZHcBixowpU00xn_XJj3o9c28eTEP6zL5tcXZ58BG1rHD74ZA11g2EC5QzpVTLcuckW8K32njpxri7bi7f4EJ2vR9W4vW2EG4FJID3YtgSVI_SEWxc0ImI4NRSoHTVqEh6lBpBJEoCEcRt2iLreVafHzc8_xko3h_AH7eP0M:1ktpag:jG8PYuHLrJB3F9wHPgcwEFz_-Ds6BpgwZgiR3RXQ7qc", "expire_date": "2021-01-11T10:17:26.884Z"}}, {"model": "sessions.session", "pk": "2yllw3fhtmwfzj05lv99y8wp7k51w41v", "fields": {"session_data": ".eJxVjMEOwiAQBf-FsyEUKIUevfsNZHcBixowpU00xn_XJj3o9c28eTEP6zL5tcXZ58BG1rHD74ZA11g2EC5QzpVTLcuckW8K32njpxri7bi7f4EJ2vR9W4vW2EG4FJID3YtgSVI_SEWxc0ImI4NRSoHTVqEh6lBpBJEoCEcRt2iLreVafHzc8_xko3h_AH7eP0M:1krKQa:mbOc4C7UarTmVfh5NpGtwNXAJxpwPd-JkyQF78r5L9M", "expire_date": "2021-01-04T12:36:40.307Z"}}, {"model": "sessions.session", "pk": "3x2c2vttol976wrt16uajh3h4b5jsd5v", "fields": {"session_data": ".eJxVjU0OgyAQhe_CujEIIuCuXoQM4xBJDTaCSZumdy82LtrdvJ_53os52Mvs9kybixMbmGSXX88D3igdASzLYTeAuO6pNN_OGefmWhWlEhFKXNN4fv2hZshz5WiNEifrPYnQmRa95MqEELitV99Raygow7mB3opOKBBSAUhue6NBaX9AM-VcZxw97nF7soG_P7uGQyk:1kyd12:3TYjYnfSVhwHBaFg8kk4e2Q10paadacPvPo-3VJSQaQ", "expire_date": "2021-01-24T15:52:28.591Z"}}, {"model": "sessions.session", "pk": "3yvh01zh6jq3bt2y2f2vxmnuv1eqy68l", "fields": {"session_data": ".eJxVjU0OgyAQhe_CujEIIuCuXoQM4xBJDTaCSZumdy82LtrdvJ_53os52Mvs9kybixMbmGSXX88D3igdASzLYTeAuO6pNN_OGefmWhWlEhFKXNN4fv2hZshz5WiNEifrPYnQmRa95MqEELitV99Raygow7mB3opOKBBSAUhue6NBaX9AM-VcZxw97nF7soG_P7uGQyk:1kxURp:qCIG_cVmO02MGHnUHhHA_Zd6XdlpAQACMmQMbLzNfgg", "expire_date": "2021-01-21T12:31:25.564Z"}}, {"model": "sessions.session", "pk": "4n24qpm7dsb10wfmg8e70gtbfw68f091", "fields": {"session_data": ".eJxVjMEOwiAQBf-FsyELtBR69O43EHYBixowpU00xn_XJj3o9c28eTHn12Vya4uzy4GNTLDD74aerrFsIFx8OVdOtSxzRr4pfKeNn2qIt-Pu_gUm36bv2xg02gxgU0jWdz0EQ5L6QSqKwoJMWgatlPK2Mwo1kUDVoYdEASxF3KIttpZrcfFxz_OTjUKC1QDvD_z8QHU:1knL9J:IiZhxCuoa9HXrSllzVNoqV0lZkEoIx5tY2IY5Z-xRF4", "expire_date": "2020-12-24T12:34:21.951Z"}}, {"model": "sessions.session", "pk": "4zdc0ljf077vt2td4u021bb8bmxjmx9n", "fields": {"session_data": ".eJxVjU0OgjAQhe_StSEtHQZhpxdppsM0NJJiaEk0xrsLhoUu39_3XsrRWka3ZllcHFSvrDr9ep74JmkPaJp2uyLmeU2l-naOOFeXTUkqkanEOV2P1R9qpDxuHIYBPAQGQUJzbgA6qNs6oAmt1laLhwah8Z6sx441C9qgW8TOBEO13qFZct5unDzucXmqXr8_n-1C6A:1l7fUK:ddJJci_8SMFZq_gRin1A6aL9ZYqiBC9eYU89nPlwlWs", "expire_date": "2021-02-18T14:20:04.417Z"}}, {"model": "sessions.session", "pk": "6bcvwtvwiwcujr94ln2ol1cwi04e9rzd", "fields": {"session_data": ".eJxVjU0OgjAQhe_StSEtHQZhpxdppsM0NJJiaEk0xrsLhoUu39_3XsrRWka3ZllcHFSvrDr9ep74JmkPaJp2uyLmeU2l-naOOFeXTUkqkanEOV2P1R9qpDxuHIYBPAQGQUJzbgA6qNs6oAmt1laLhwah8Z6sx441C9qgW8TOBEO13qFZct5unDzucXmqXr8_n-1C6A:1l41MJ:YnQqLhkwJhM8oUiPYcsPcSUl9pbzEAy8XYG7IUmsH9o", "expire_date": "2021-02-08T12:52:43.092Z"}}, {"model": "sessions.session", "pk": "857dt04os6kn21vsd4i14gtj626bdaji", "fields": {"session_data": ".eJxVjzFrxDAMhf-L5hCc2HEu2VroVujQTi3FyDq5MU3tEDvQctx_r3NkuU1679OTdIEUyeOMRHEL2aSMmWH8uMCyRuKUYIQ5fvkAFSSKS_GglLjlySy44s8OwLWC09tL_-yf5HvuXuGzAnNDtsSr8efCSLjTLNI3h93Aed7l-rigvjGHneqH0nHInjD7GB6PqbuoCdNUckidlVWOFGvUzalTalBt3zrduF4IKdiqTqvOWpRWDySItXSi13poXIOt2ENTebisMfy7-PUPRnH9B3RcX5Q:1l8lHd:ON0kPPNZdBVk-iFgE-tLLUruAuz9jDeYUT6YqKlvZhQ", "expire_date": "2021-02-21T14:43:29.724Z"}}, {"model": "sessions.session", "pk": "a5rhzsk8lc1old9byfipbs0od0hh9vse", "fields": {"session_data": ".eJxVjU0OgjAQhe_StSEtHQZhpxdppsM0NJJiaEk0xrsLhoUu39_3XsrRWka3ZllcHFSvrDr9ep74JmkPaJp2uyLmeU2l-naOOFeXTUkqkanEOV2P1R9qpDxuHIYBPAQGQUJzbgA6qNs6oAmt1laLhwah8Z6sx441C9qgW8TOBEO13qFZct5unDzucXmqXr8_n-1C6A:1l1qxO:c__YBv78DSWGsTjB45Wepv1A_2afTd3rFQkNfu4Paww", "expire_date": "2021-02-02T13:22:02.376Z"}}, {"model": "sessions.session", "pk": "ag5ahcg9dubqfm5pfnayo9uqwpmht0j8", "fields": {"session_data": ".eJxVjU0OgjAQhe_StSEtHQZhpxdppsM0NJJiaEk0xrsLhoUu39_3XsrRWka3ZllcHFSvrDr9ep74JmkPaJp2uyLmeU2l-naOOFeXTUkqkanEOV2P1R9qpDxuHIYBPAQGQUJzbgA6qNs6oAmt1laLhwah8Z6sx441C9qgW8TOBEO13qFZct5unDzucXmqXr8_n-1C6A:1l3HmS:MewDLBiskGMUVstQGVdbZEc7575EhDs7GI8IZc7Tbdo", "expire_date": "2021-02-06T12:12:40.382Z"}}, {"model": "sessions.session", "pk": "cdp7o5cyqhqbzg8eewauh8w7kdinz8iz", "fields": {"session_data": ".eJxVjU0OgjAQhe_StSEtHQZhpxdppsM0NJJiaEk0xrsLhoUu39_3XsrRWka3ZllcHFSvrDr9ep74JmkPaJp2uyLmeU2l-naOOFeXTUkqkanEOV2P1R9qpDxuHIYBPAQGQUJzbgA6qNs6oAmt1laLhwah8Z6sx441C9qgW8TOBEO13qFZct5unDzucXmqXr8_n-1C6A:1l4jca:twJ7UU0oZn1Jq9FePmLUkgpFCDs8Jfb6EWANOG54AxA", "expire_date": "2021-02-10T12:08:28.907Z"}}, {"model": "sessions.session", "pk": "e18zk98yza49o2nkxbtamwpbek2jfapf", "fields": {"session_data": ".eJxVjU0OgyAQhe_CujEIIuCuXoQM4xBJDTaCSZumdy82LtrdvJ_53os52Mvs9kybixMbmGSXX88D3igdASzLYTeAuO6pNN_OGefmWhWlEhFKXNN4fv2hZshz5WiNEifrPYnQmRa95MqEELitV99Raygow7mB3opOKBBSAUhue6NBaX9AM-VcZxw97nF7soG_P7uGQyk:1kwnPa:OYf5Z84d9bncfNnA2-JXOigvACgEJzwNqd620BpNLns", "expire_date": "2021-01-19T14:34:14.981Z"}}, {"model": "sessions.session", "pk": "fe79jusdrt52opdlkuxfl0dhwcstp1xq", "fields": {"session_data": ".eJxVjU0OgyAQhe_CujEIIuCuXoQM4xBJDTaCSZumdy82LtrdvJ_53os52Mvs9kybixMbmGSXX88D3igdASzLYTeAuO6pNN_OGefmWhWlEhFKXNN4fv2hZshz5WiNEifrPYnQmRa95MqEELitV99Raygow7mB3opOKBBSAUhue6NBaX9AM-VcZxw97nF7soG_P7uGQyk:1kxWBq:zlaRm8H2m-YVxFpcqIru68YJs10Tycyb0k_OlOAqz-8", "expire_date": "2021-01-21T14:23:02.943Z"}}, {"model": "sessions.session", "pk": "fv88e1ov9hhrr5vba5hj7grn75561d0u", "fields": {"session_data": ".eJxdj8FOxDAMRP8lZ6iSxnUbbvAjkeM4tNpVu6pTwQrx76RoL3CcGc8b-cvEG6l-bHuOu6jUeJG7eTH0vuJdnzNPPAYqCCjg7cQ5Dz6wuF6yS5M3TybSUed4qOxxya35z0vEF1nPgK7X0-6IeTvW2v3ePGLtXpuStS5MddnWt0frD2omnRuHIUOCwiBI6KYBIEA_9gVdGa31VhIMCENK5BMGtizoix0RgyuOentCVVTbTJTP27K3f-33D7H9V4I:1l1EMQ:IJSgbUZGEz5tA3mnWeU4eRaHWn_BJDl4awtn7uN9dFg", "expire_date": "2021-01-31T20:09:18.835Z"}}, {"model": "sessions.session", "pk": "h03np18pdf1dels9smuwgdb0oggiu2cj", "fields": {"session_data": ".eJxVjU0OgyAQhe_CujEIIuCuXoQM4xBJDTaCSZumdy82LtrdvJ_53os52Mvs9kybixMbmGSXX88D3igdASzLYTeAuO6pNN_OGefmWhWlEhFKXNN4fv2hZshz5WiNEifrPYnQmRa95MqEELitV99Raygow7mB3opOKBBSAUhue6NBaX9AM-VcZxw97nF7soG_P7uGQyk:1kxBd9:EsF5P4foTH4ge7z-e1hkwLceTaAvPtXJKUCyqN9VUk4", "expire_date": "2021-01-20T16:25:51.173Z"}}, {"model": "sessions.session", "pk": "hdfzmnac4l9ovpkdreucn3mg6jatb9ta", "fields": {"session_data": ".eJxVjU0OgjAQhe_StSEtHQZhpxdppsM0NJJiaEk0xrsLhoUu39_3XsrRWka3ZllcHFSvrDr9ep74JmkPaJp2uyLmeU2l-naOOFeXTUkqkanEOV2P1R9qpDxuHIYBPAQGQUJzbgA6qNs6oAmt1laLhwah8Z6sx441C9qgW8TOBEO13qFZct5unDzucXmqXr8_n-1C6A:1l5SZh:67NH92ipZ62zBMMdbJx0C-W0BMCgexsQog-9RRXDgkc", "expire_date": "2021-02-12T12:08:29.933Z"}}, {"model": "sessions.session", "pk": "iayj5iwz2tg5bu5dols7c2awalkksohk", "fields": {"session_data": ".eJxVjMEOwiAQBf-FsyEUKIUevfsNZHcBixowpU00xn_XJj3o9c28eTEP6zL5tcXZ58BG1rHD74ZA11g2EC5QzpVTLcuckW8K32njpxri7bi7f4EJ2vR9W4vW2EG4FJID3YtgSVI_SEWxc0ImI4NRSoHTVqEh6lBpBJEoCEcRt2iLreVafHzc8_xko3h_AH7eP0M:1kuJcV:sAEOQUQcgsRVbdawQ3bAqCQqu_XSPKJVpcBxW4e__H0", "expire_date": "2021-01-12T18:21:19.874Z"}}, {"model": "sessions.session", "pk": "inx874423r8ia85qc4i0w6hh50gx85ly", "fields": {"session_data": ".eJxVjMEOwiAQBf-FsyEUKIUevfsNZHcBixowpU00xn_XJj3o9c28eTEP6zL5tcXZ58BG1rHD74ZA11g2EC5QzpVTLcuckW8K32njpxri7bi7f4EJ2vR9W4vW2EG4FJID3YtgSVI_SEWxc0ImI4NRSoHTVqEh6lBpBJEoCEcRt2iLreVafHzc8_xko3h_AH7eP0M:1ktGBm:phAoJh7jIhVT6IjuUto8TZ8thHD4dgsGD584lgypQHI", "expire_date": "2021-01-09T20:29:22.586Z"}}, {"model": "sessions.session", "pk": "ix16z4i5j8mcouhsh98gcvgucaivblib", "fields": {"session_data": ".eJxVjU0OgyAQhe_CujEIIuCuXoQM4xBJDTaCSZumdy82LtrdvJ_53os52Mvs9kybixMbmGSXX88D3igdASzLYTeAuO6pNN_OGefmWhWlEhFKXNN4fv2hZshz5WiNEifrPYnQmRa95MqEELitV99Raygow7mB3opOKBBSAUhue6NBaX9AM-VcZxw97nF7soG_P7uGQyk:1kyvOH:IBMim5uMND3Bn1o657Ooxq1gcB8g_qouA1Za9-lU70s", "expire_date": "2021-01-25T11:29:41.524Z"}}, {"model": "sessions.session", "pk": "ju5frsp6w0z33p4nbtja443j2vfkaw8p", "fields": {"session_data": ".eJxVjMEOwiAQBf-FsyEUKIUevfsNZHcBixowpU00xn_XJj3o9c28eTEP6zL5tcXZ58BG1rHD74ZA11g2EC5QzpVTLcuckW8K32njpxri7bi7f4EJ2vR9W4vW2EG4FJID3YtgSVI_SEWxc0ImI4NRSoHTVqEh6lBpBJEoCEcRt2iLreVafHzc8_xko3h_AH7eP0M:1kvfjP:kSxFkLcNuFx5UoywYjmYpuluVInnPa-vzBOSFI1euWQ", "expire_date": "2021-01-16T12:10:03.332Z"}}, {"model": "sessions.session", "pk": "kwb75wzt9m47flpn91f3iais6zlkskjj", "fields": {"session_data": ".eJxVjU0OgjAQhe_StSEtHQZhpxdppsM0NJJiaEk0xrsLhoUu39_3XsrRWka3ZllcHFSvrDr9ep74JmkPaJp2uyLmeU2l-naOOFeXTUkqkanEOV2P1R9qpDxuHIYBPAQGQUJzbgA6qNs6oAmt1laLhwah8Z6sx441C9qgW8TOBEO13qFZct5unDzucXmqXr8_n-1C6A:1l7H2p:J_T73jDqMTycAMj1jjxLsNukJOcDgboRcTytrN0oXSI", "expire_date": "2021-02-17T12:14:03.376Z"}}, {"model": "sessions.session", "pk": "mebu30tf8wra3ucbqsax7n1xyaxlqpiz", "fields": {"session_data": ".eJyNU11zojAU_S2bZ1FAQHBmZ1Zbq9W6rR-V6s4OE0KEKBKaBJV2_O8bBNvtTndn38g9595zc054BZwiAmOIEM0S4ZWnmIYkAe1XUJWLTxKAdpLFcQ1kHDPv_ZgyuicBZqANQkrDGANJKWCgqZbeamqO0WrppmE7qqZZTYnGkAuv0ihnBFBgb0NJgt_G4qNg0JMAvKj_dR7eQRJLfCcgj5qG5XwLi0od0Z1E95iRNcGBV9EEy3ANJHCHZctVjPc4FzSRxJDsceJ9AqQEiYwV1UiIlLcbjThq1svLFmYgmgiciEKvAZVG5z7SjH64cmd5130w_dh9TF2zvxyo5ibez263bEzDzYEMWHcaHr5yx1JQ4QpFMC5EBAOnU2nzR-NTyPmBssKKLy_Dw8vd4-q4Yplz7S-0m9l8zDKRd1tNY94T_iSMAnuT3X5qN-Eez1LMSok1jDku9arLy6Y1YbLrEzPO0955__a-EBJwvX4TkQWIhDT6ksOH5IGu6pqi6opqzTWrrdrtpllvmc4KSD_kIIELQ-SDQ5hzSS8vJSFE02ofmInISyGDu4JQ9J039GAQMNmEZfXHPx7z_z2ly_IpIzvI8vJ4-lkDgm5x8jE0mKbn-Vrt8jf9JlfxQQ51p95RO-uBNRtfmy5-PrrdbOWM8Het1zuMOiYykK0sN5N5bqjThX8_krh7d2VPukutM3aej5navXLzMbrvW1ysnjbDCZmia9pTIi8PhtvxjYmp-RL2DvzB8vuqDvHCno4SS4V6_2ZjK9bWpq3l-M6Ai4F_e8Tc7ypDY-B2st4TDpcLfgDVvh7HiGFR5X9MiTTWg-KP-Frn-Iy6qRfxnU6_ACZXcXY:1l8Q8R:-YlrQXoa5bMVqA_3cyL-T-dhJ7KfRW3CV4c9xihmlC4", "expire_date": "2021-02-20T16:08:35.763Z"}}, {"model": "sessions.session", "pk": "n54smjr2t9pw9ofau13e7oi2h7glrtpj", "fields": {"session_data": ".eJxVjU0OgjAQhe_StSEtHQZhpxdppsM0NJJiaEk0xrsLhoUu39_3XsrRWka3ZllcHFSvrDr9ep74JmkPaJp2uyLmeU2l-naOOFeXTUkqkanEOV2P1R9qpDxuHIYBPAQGQUJzbgA6qNs6oAmt1laLhwah8Z6sx441C9qgW8TOBEO13qFZct5unDzucXmqXr8_n-1C6A:1l6DCi:ldPsEGL7l5_FON7fzW37XalOnKk_zNMY_Z29A4tLeQQ", "expire_date": "2021-02-14T13:55:52.350Z"}}, {"model": "sessions.session", "pk": "npkhapu4sr3txz81ne9mn9ypgybusnwe", "fields": {"session_data": ".eJxVjU0OgjAQhe_StSEtHQZhpxdppsM0NJJiaEk0xrsLhoUu39_3XsrRWka3ZllcHFSvrDr9ep74JmkPaJp2uyLmeU2l-naOOFeXTUkqkanEOV2P1R9qpDxuHIYBPAQGQUJzbgA6qNs6oAmt1laLhwah8Z6sx441C9qgW8TOBEO13qFZct5unDzucXmqXr8_n-1C6A:1l3eRr:h-gM_7xudk7MshaY1lpPrahLQ2DYtdMVizjS3Czz2Dk", "expire_date": "2021-02-07T12:24:55.877Z"}}, {"model": "sessions.session", "pk": "nta4j4hhfazmcc0fox349nu0yo5p8qbm", "fields": {"session_data": ".eJxVjU0OgjAQhe_StSEtHQZhpxdppsM0NJJiaEk0xrsLhoUu39_3XsrRWka3ZllcHFSvrDr9ep74JmkPaJp2uyLmeU2l-naOOFeXTUkqkanEOV2P1R9qpDxuHIYBPAQGQUJzbgA6qNs6oAmt1laLhwah8Z6sx441C9qgW8TOBEO13qFZct5unDzucXmqXr8_n-1C6A:1l6bjU:jIjA2G9G60Vq3hyTdsXVh1PP3__39Nh_OrZmX7vmd70", "expire_date": "2021-02-15T16:07:20.154Z"}}, {"model": "sessions.session", "pk": "og0y7zmupvgslwgog0ig8pg335c7kxce", "fields": {"session_data": ".eJxVjMEOwiAQBf-FsyEUKIUevfsNZHcBixowpU00xn_XJj3o9c28eTEP6zL5tcXZ58BG1rHD74ZA11g2EC5QzpVTLcuckW8K32njpxri7bi7f4EJ2vR9W4vW2EG4FJID3YtgSVI_SEWxc0ImI4NRSoHTVqEh6lBpBJEoCEcRt2iLreVafHzc8_xko3h_AH7eP0M:1ksSJ5:GmApvpFJWDXwzfdkkAVnNVQINc-nAjmvA8Wbo6IXuQk", "expire_date": "2021-01-07T15:13:35.897Z"}}, {"model": "sessions.session", "pk": "oot7b3otadoivl46dxicsa9olxddo1gv", "fields": {"session_data": ".eJxVjMEOwiAQBf-FsyEUKIUevfsNZHcBixowpU00xn_XJj3o9c28eTEP6zL5tcXZ58BG1rHD74ZA11g2EC5QzpVTLcuckW8K32njpxri7bi7f4EJ2vR9W4vW2EG4FJID3YtgSVI_SEWxc0ImI4NRSoHTVqEh6lBpBJEoCEcRt2iLreVafHzc8_xko3h_AH7eP0M:1kr124:wJqiRJyICn2jkx9DPJLQZj1_rLv1mgpi14-g4bN3Whg", "expire_date": "2021-01-03T15:54:04.856Z"}}, {"model": "sessions.session", "pk": "pe55rgn9hfubjymroj4rbn84o7ajvjkm", "fields": {"session_data": ".eJxVjU0OgjAQhe_StSEtHQZhpxdppsM0NJJiaEk0xrsLhoUu39_3XsrRWka3ZllcHFSvrDr9ep74JmkPaJp2uyLmeU2l-naOOFeXTUkqkanEOV2P1R9qpDxuHIYBPAQGQUJzbgA6qNs6oAmt1laLhwah8Z6sx441C9qgW8TOBEO13qFZct5unDzucXmqXr8_n-1C6A:1l0oRV:ahHBQST-vMCELuiJERCJ9Nbg6wimthhO5L4_DiZxQ4s", "expire_date": "2021-01-30T16:28:49.539Z"}}, {"model": "sessions.session", "pk": "phs7jsatmmbmn4l24y4ebjyrlkcvue8a", "fields": {"session_data": ".eJxVjU0OgyAQhe_CujEIIuCuXoQM4xBJDTaCSZumdy82LtrdvJ_53os52Mvs9kybixMbmGSXX88D3igdASzLYTeAuO6pNN_OGefmWhWlEhFKXNN4fv2hZshz5WiNEifrPYnQmRa95MqEELitV99Raygow7mB3opOKBBSAUhue6NBaX9AM-VcZxw97nF7soG_P7uGQyk:1kyCuh:tE_NyKo9DJdAEZq7bViYDhgt0NR1Zly_66SkwNT5fJ4", "expire_date": "2021-01-23T12:00:11.498Z"}}, {"model": "sessions.session", "pk": "qfa5f9k05roiswmpi07ro8zpexznhg44", "fields": {"session_data": ".eJxljEEOgyAQRe_C2hgERXDXXoQMwxBJKSYVuml696oxTZou570_78UAcam52Cc9YojkLd0hJjblmlLztXWlB5tYxxpmoZb5ADb6f-YAb5R3ASntuD0b7bE59dpetotyiQglLvl6fv2kZljnraO100qP3AQfDPQD9xoFDqOQSJ3hIijhlZQSTK-lU4idk70DHtBzg-TY-wPuhE4K:1kmdUQ:gTjltA63TDxKXAugiDBUw6ih2WhPc22Jy5XHQTovBAw", "expire_date": "2020-12-22T13:57:14.755Z"}}, {"model": "sessions.session", "pk": "qix802halayco6e1sus9b1dr2zww9cfw", "fields": {"session_data": ".eJxVjU0OgjAQhe_StSEtHQZhpxdppsM0NJJiaEk0xrsLhoUu39_3XsrRWka3ZllcHFSvrDr9ep74JmkPaJp2uyLmeU2l-naOOFeXTUkqkanEOV2P1R9qpDxuHIYBPAQGQUJzbgA6qNs6oAmt1laLhwah8Z6sx441C9qgW8TOBEO13qFZct5unDzucXmqXr8_n-1C6A:1l5p2v:9-fPPVWdHnri8y_FYKC7Jn2p3YgEj3Oj1gTmcCpWf5k", "expire_date": "2021-02-13T12:08:09.608Z"}}, {"model": "sessions.session", "pk": "r7m6h1wqk6pr5foqduq8asuhu1gll8ag", "fields": {"session_data": ".eJxVjMEOwiAQBf-FsyEUKIUevfsNZHcBixowpU00xn_XJj3o9c28eTEP6zL5tcXZ58BG1rHD74ZA11g2EC5QzpVTLcuckW8K32njpxri7bi7f4EJ2vR9W4vW2EG4FJID3YtgSVI_SEWxc0ImI4NRSoHTVqEh6lBpBJEoCEcRt2iLreVafHzc8_xko3h_AH7eP0M:1kuFDS:md_lhepA2i3Xm59iWO57ERNOCCqTXus9RYl2TyAtk-E", "expire_date": "2021-01-12T13:39:10.283Z"}}, {"model": "sessions.session", "pk": "rm9xiadopzq6jqpedpkpj9ohcu9kt5ky", "fields": {"session_data": ".eJxVjMEOwiAQBf-FsyEUKIUevfsNZHcBixowpU00xn_XJj3o9c28eTEP6zL5tcXZ58BG1rHD74ZA11g2EC5QzpVTLcuckW8K32njpxri7bi7f4EJ2vR9W4vW2EG4FJID3YtgSVI_SEWxc0ImI4NRSoHTVqEh6lBpBJEoCEcRt2iLreVafHzc8_xko3h_AH7eP0M:1kvID7:4tSQHRa-L3FnK2-V2a9pHYu3OlXjPxQwja4kxssQjDs", "expire_date": "2021-01-15T11:03:09.122Z"}}, {"model": "sessions.session", "pk": "rs4mo4jk47kwwqfzzn03ayhncrm705dk", "fields": {"session_data": ".eJxVjMEOwiAQBf-FsyEUKIUevfsNZHcBixowpU00xn_XJj3o9c28eTEP6zL5tcXZ58BG1rHD74ZA11g2EC5QzpVTLcuckW8K32njpxri7bi7f4EJ2vR9W4vW2EG4FJID3YtgSVI_SEWxc0ImI4NRSoHTVqEh6lBpBJEoCEcRt2iLreVafHzc8_xko3h_AH7eP0M:1ks2r2:Jrox0bYmfwut8aE_uciox5F01_2KArfsd9wBroS77tE", "expire_date": "2021-01-06T12:02:56.804Z"}}, {"model": "sessions.session", "pk": "ru9r0k8q1fb685uahwd93dpcqvwem38n", "fields": {"session_data": ".eJxVjU0OgjAQhe_StSEtHQZhpxdppsM0NJJiaEk0xrsLhoUu39_3XsrRWka3ZllcHFSvrDr9ep74JmkPaJp2uyLmeU2l-naOOFeXTUkqkanEOV2P1R9qpDxuHIYBPAQGQUJzbgA6qNs6oAmt1laLhwah8Z6sx441C9qgW8TOBEO13qFZct5unDzucXmqXr8_n-1C6A:1l5AgZ:gpLeOn0c_eHtkRP3WUDQOfoRxaPAaHAe8iAmNp23EFo", "expire_date": "2021-02-11T17:02:23.699Z"}}, {"model": "sessions.session", "pk": "s4ip6dh7pcqw0w1k13qhutsd2s2o6zr7", "fields": {"session_data": ".eJxVjMEOwiAQBf-FsyEUKIUevfsNZHcBixowpU00xn_XJj3o9c28eTEP6zL5tcXZ58BG1rHD74ZA11g2EC5QzpVTLcuckW8K32njpxri7bi7f4EJ2vR9W4vW2EG4FJID3YtgSVI_SEWxc0ImI4NRSoHTVqEh6lBpBJEoCEcRt2iLreVafHzc8_xko3h_AH7eP0M:1ktyHk:HAi8-L27ZMe9cguqguCVlhfdimvdJXLPDxjqwNfo6mg", "expire_date": "2021-01-11T19:34:28.555Z"}}, {"model": "sessions.session", "pk": "wmab7y0anslo5fmjo31jczgam5e6qhuh", "fields": {"session_data": ".eJxVjMEOwiAQBf-FsyEUKIUevfsNZHcBixowpU00xn_XJj3o9c28eTEP6zL5tcXZ58BG1rHD74ZA11g2EC5QzpVTLcuckW8K32njpxri7bi7f4EJ2vR9W4vW2EG4FJID3YtgSVI_SEWxc0ImI4NRSoHTVqEh6lBpBJEoCEcRt2iLreVafHzc8_xko3h_AH7eP0M:1ksl9W:nhbS5pdgD9OpKF5V64lpOtWq9LPOcF9pXtIh5Vk5i44", "expire_date": "2021-01-08T11:20:58.363Z"}}, {"model": "sessions.session", "pk": "woyq7bdrjznl1tjs6lv86scaa6f30b7b", "fields": {"session_data": ".eJxVjMEOwiAQBf-FsyEUKIUevfsNZHcBixowpU00xn_XJj3o9c28eTEP6zL5tcXZ58BG1rHD74ZA11g2EC5QzpVTLcuckW8K32njpxri7bi7f4EJ2vR9W4vW2EG4FJID3YtgSVI_SEWxc0ImI4NRSoHTVqEh6lBpBJEoCEcRt2iLreVafHzc8_xko3h_AH7eP0M:1kubhL:F3ITGbHjMNYvtw052HNY-1CP9zIkBUQzY_Ptq4Yzoqs", "expire_date": "2021-01-13T13:39:31.039Z"}}, {"model": "sessions.session", "pk": "wuo91bmfknzjfjurkux4wsn9wk3hsc1q", "fields": {"session_data": ".eJxVjU0OgyAQhe_CujEIIuCuXoQM4xBJDTaCSZumdy82LtrdvJ_53os52Mvs9kybixMbmGSXX88D3igdASzLYTeAuO6pNN_OGefmWhWlEhFKXNN4fv2hZshz5WiNEifrPYnQmRa95MqEELitV99Raygow7mB3opOKBBSAUhue6NBaX9AM-VcZxw97nF7soG_P7uGQyk:1kxTfz:x_lpr0_EyypjnhOgfwOqcUw9odsnX_2YR8EsUQvVrEE", "expire_date": "2021-01-21T11:41:59.872Z"}}, {"model": "sessions.session", "pk": "xfkuw5e4lk3z7wvw1ootwp32t5kwsf6s", "fields": {"session_data": ".eJxVjU0OgjAQhe_StSEtHQZhpxdppsM0NJJiaEk0xrsLhoUu39_3XsrRWka3ZllcHFSvrDr9ep74JmkPaJp2uyLmeU2l-naOOFeXTUkqkanEOV2P1R9qpDxuHIYBPAQGQUJzbgA6qNs6oAmt1laLhwah8Z6sx441C9qgW8TOBEO13qFZct5unDzucXmqXr8_n-1C6A:1l6CtK:KHa3n7yTkJbWlhwuSKzGtMh9NCTxgYBABCUE-jw8-kI", "expire_date": "2021-02-14T13:35:50.857Z"}}, {"model": "sessions.session", "pk": "ycy8qist9vpdk7a9cy81gjz3smlibhod", "fields": {"session_data": ".eJxVjMEOwiAQBf-FsyEUKIUevfsNZHcBixowpU00xn_XJj3o9c28eTEP6zL5tcXZ58BG1rHD74ZA11g2EC5QzpVTLcuckW8K32njpxri7bi7f4EJ2vR9W4vW2EG4FJID3YtgSVI_SEWxc0ImI4NRSoHTVqEh6lBpBJEoCEcRt2iLreVafHzc8_xko3h_AH7eP0M:1ktBU2:8KL1tDKMwEUGrW0_fKTrNG19JXJkGnJQ0OZ3hm40inI", "expire_date": "2021-01-09T15:27:54.179Z"}}, {"model": "sessions.session", "pk": "ydal7e24d78a9ughbuf4utc3wwr6mbna", "fields": {"session_data": ".eJxVjMEOwiAQBf-FsyEUKIUevfsNZHcBixowpU00xn_XJj3o9c28eTEP6zL5tcXZ58BG1rHD74ZA11g2EC5QzpVTLcuckW8K32njpxri7bi7f4EJ2vR9W4vW2EG4FJID3YtgSVI_SEWxc0ImI4NRSoHTVqEh6lBpBJEoCEcRt2iLreVafHzc8_xko3h_AH7eP0M:1ksOFN:_-KDCVNeeOfwsnA0c707Q58S2NPRBKt_kL0Bot77tVQ", "expire_date": "2021-01-07T10:53:29.701Z"}}, {"model": "sessions.session", "pk": "zeljzckpsc4zexisrcx0h9cktad5lm6p", "fields": {"session_data": ".eJxVjMEOwiAQBf-FsyEUKIUevfsNZHcBixowpU00xn_XJj3o9c28eTEP6zL5tcXZ58BG1rHD74ZA11g2EC5QzpVTLcuckW8K32njpxri7bi7f4EJ2vR9W4vW2EG4FJID3YtgSVI_SEWxc0ImI4NRSoHTVqEh6lBpBJEoCEcRt2iLreVafHzc8_xko3h_AH7eP0M:1ktqHQ:9VTtqBS6G6tq_zAiOdAtbp1rvEspFBFZBlMabjHv7NI", "expire_date": "2021-01-11T11:01:36.446Z"}}, {"model": "sessions.session", "pk": "zw905zanwe0ym4ahvhkzdz3i2d5cg9f4", "fields": {"session_data": ".eJxVjU0OgjAQhe_StSEtHQZhpxdppsM0NJJiaEk0xrsLhoUu39_3XsrRWka3ZllcHFSvrDr9ep74JmkPaJp2uyLmeU2l-naOOFeXTUkqkanEOV2P1R9qpDxuHIYBPAQGQUJzbgA6qNs6oAmt1laLhwah8Z6sx441C9qgW8TOBEO13qFZct5unDzucXmqXr8_n-1C6A:1l2Zur:UZesIk44oYngsJjU2n2oGdzmwlwgFZpsCQO0jRqvqik", "expire_date": "2021-02-04T13:22:25.350Z"}}, {"model": "my_dict.worden", "pk": 95, "fields": {"user": 2, "english": "useful", "audio": "True", "create_time": "2020-12-21T12:35:53.711Z", "is_learned": false, "is_seen": false, "is_starred": false}}, {"model": "my_dict.worden", "pk": 196, "fields": {"user": 1, "english": "eidetic", "audio": "//voices.tureng.co/files/en-US/f5/f5377d1b-429a-4db3-94cb-95ce85331f1b.mp3", "create_time": "2021-01-02T15:41:55.798Z", "is_learned": false, "is_seen": true, "is_starred": true}}, {"model": "my_dict.worden", "pk": 197, "fields": {"user": 1, "english": "constitution", "audio": "//voices.tureng.co/files/en-US/7c/7ccd7442-ca56-4824-8f1c-b932814ca0fe.mp3", "create_time": "2021-01-03T13:47:33.211Z", "is_learned": false, "is_seen": false, "is_starred": true}}, {"model": "my_dict.worden", "pk": 198, "fields": {"user": 1, "english": "actually", "audio": "//voices.tureng.co/files/en-US/82/82d1e143-8d86-41d2-8f10-b429c67558f8.mp3", "create_time": "2021-01-03T13:47:32.122Z", "is_learned": false, "is_seen": false, "is_starred": true}}, {"model": "my_dict.worden", "pk": 199, "fields": {"user": 1, "english": "fat", "audio": "//voices.tureng.co/files/en-US/37/3727a5b0-43e8-4b9a-87c0-9defb4dda44c.mp3", "create_time": "2020-12-29T15:11:14.217Z", "is_learned": false, "is_seen": false, "is_starred": false}}, {"model": "my_dict.worden", "pk": 200, "fields": {"user": 1, "english": "fear", "audio": "//voices.tureng.co/files/en-US/10/10a9c2ae-2e95-4eff-b9f5-196aa4655c16.mp3", "create_time": "2021-01-02T15:44:16.718Z", "is_learned": true, "is_seen": false, "is_starred": false}}, {"model": "my_dict.worden", "pk": 201, "fields": {"user": 1, "english": "ant", "audio": "", "create_time": "2021-01-02T16:20:27.447Z", "is_learned": false, "is_seen": false, "is_starred": false}}, {"model": "my_dict.worden", "pk": 202, "fields": {"user": 1, "english": "male", "audio": "//voices.tureng.co/files/en-US/5c/5ca8bcae-067e-45d8-abdf-d9df20bd17de.mp3", "create_time": "2021-01-02T14:53:15.263Z", "is_learned": false, "is_seen": false, "is_starred": true}}, {"model": "my_dict.worden", "pk": 203, "fields": {"user": 1, "english": "cruel", "audio": "//voices.tureng.co/files/en-US/27/27b33eaf-cb08-48ae-a22d-da2a05615a39.mp3", "create_time": "2021-01-02T15:41:45.275Z", "is_learned": true, "is_seen": true, "is_starred": false}}, {"model": "my_dict.worden", "pk": 204, "fields": {"user": 1, "english": "tear", "audio": "//voices.tureng.co/files/en-US/1d/1de4dfea-06e6-4d74-9f14-592f5c0531df.mp3", "create_time": "2021-01-02T15:18:03.271Z", "is_learned": false, "is_seen": false, "is_starred": true}}, {"model": "my_dict.worden", "pk": 205, "fields": {"user": 1, "english": "sweat", "audio": "//voices.tureng.co/files/en-US/0c/0c25ee9e-ab3f-47d6-9168-5393ca9d1c02.mp3", "create_time": "2021-01-02T15:41:45.674Z", "is_learned": true, "is_seen": false, "is_starred": false}}, {"model": "my_dict.worden", "pk": 206, "fields": {"user": 1, "english": "swear", "audio": "//voices.tureng.co/files/en-US/a4/a4d0bc3f-cb2e-4b97-87ee-0d511598468d.mp3", "create_time": "2021-01-02T14:53:13.594Z", "is_learned": false, "is_seen": true, "is_starred": false}}, {"model": "my_dict.worden", "pk": 207, "fields": {"user": 1, "english": "piano", "audio": "//voices.tureng.co/files/en-US/a3/a359ab0e-d2c2-4358-8419-76e98f85d371.mp3", "create_time": "2021-01-02T16:20:37.514Z", "is_learned": false, "is_seen": false, "is_starred": false}}, {"model": "my_dict.worden", "pk": 208, "fields": {"user": 1, "english": "problem", "audio": "", "create_time": "2021-01-02T15:44:14.061Z", "is_learned": false, "is_seen": true, "is_starred": true}}, {"model": "my_dict.worden", "pk": 209, "fields": {"user": 1, "english": "fascinating", "audio": "//voices.tureng.co/files/en-US/7d/7d15d2c8-88f5-4359-861f-575ecd2eaf63.mp3", "create_time": "2021-01-02T15:41:46.257Z", "is_learned": true, "is_seen": false, "is_starred": false}}, {"model": "my_dict.worden", "pk": 210, "fields": {"user": 1, "english": "dilapidated", "audio": "//voices.tureng.co/files/en-US/56/566fddba-930f-4dc9-8696-f5cefc14252b.mp3", "create_time": "2021-01-02T15:40:56.796Z", "is_learned": false, "is_seen": false, "is_starred": false}}, {"model": "my_dict.worden", "pk": 216, "fields": {"user": 1, "english": "pray", "audio": "", "create_time": "2021-01-02T18:34:08.196Z", "is_learned": true, "is_seen": false, "is_starred": false}}, {"model": "my_dict.worden", "pk": 221, "fields": {"user": 1, "english": "apologia", "audio": "//voices.tureng.co/files/en-US/fd/fda164c7-cab4-462c-9b47-7082618faa3c.mp3", "create_time": "2021-01-03T11:08:44.454Z", "is_learned": false, "is_seen": false, "is_starred": false}}, {"model": "my_dict.worden", "pk": 224, "fields": {"user": 1, "english": "could", "audio": "", "create_time": "2021-01-03T13:48:12.469Z", "is_learned": false, "is_seen": false, "is_starred": false}}, {"model": "my_dict.worden", "pk": 234, "fields": {"user": 1, "english": "frazil", "audio": "//voices.tureng.co/files/en-US/52/5256fa3c-1107-4995-b1dd-d466d9d92859.mp3", "create_time": "2021-01-03T15:37:45.715Z", "is_learned": false, "is_seen": false, "is_starred": false}}, {"model": "my_dict.worden", "pk": 235, "fields": {"user": 1, "english": "dissociate", "audio": "//voices.tureng.co/files/en-US/22/22b813f0-9242-4882-aa6e-4cb49cc41171.mp3", "create_time": "2021-01-04T13:13:50.636Z", "is_learned": false, "is_seen": false, "is_starred": false}}, {"model": "my_dict.worden", "pk": 236, "fields": {"user": 1, "english": "nimiety", "audio": "//voices.tureng.co/files/en-US/46/46e02bad-d4a8-4433-a69f-5b5848651f3f.mp3", "create_time": "2021-01-04T13:13:52.712Z", "is_learned": false, "is_seen": false, "is_starred": false}}, {"model": "my_dict.worden", "pk": 240, "fields": {"user": 4, "english": "dissociate", "audio": "//voices.tureng.co/files/en-US/22/22b813f0-9242-4882-aa6e-4cb49cc41171.mp3", "create_time": "2021-01-04T16:09:30.318Z", "is_learned": false, "is_seen": false, "is_starred": false}}, {"model": "my_dict.worden", "pk": 241, "fields": {"user": 4, "english": "flexibility", "audio": "//voices.tureng.co/files/en-US/1a/1a628e29-58b2-4a3a-a624-e7b61bd084dc.mp3", "create_time": "2021-01-04T16:09:30.661Z", "is_learned": false, "is_seen": false, "is_starred": false}}, {"model": "my_dict.worden", "pk": 242, "fields": {"user": 4, "english": "nimiety", "audio": "//voices.tureng.co/files/en-US/46/46e02bad-d4a8-4433-a69f-5b5848651f3f.mp3", "create_time": "2021-01-04T16:09:31.003Z", "is_learned": false, "is_seen": false, "is_starred": false}}, {"model": "my_dict.worden", "pk": 305, "fields": {"user": 3, "english": "whithersoever", "audio": "//voices.tureng.co/files/en-US/3d/3dc9d858-6aae-4e6f-aeab-592b5ff754d7.mp3", "create_time": "2021-01-12T14:58:33.580Z", "is_learned": false, "is_seen": true, "is_starred": true}}, {"model": "my_dict.worden", "pk": 324, "fields": {"user": 3, "english": "mimesis", "audio": "//voices.tureng.co/files/en-US/36/36c03b5c-1f7c-4b29-830c-d67a9c5fc5bd.mp3", "create_time": "2021-01-13T18:25:38.539Z", "is_learned": false, "is_seen": true, "is_starred": false}}, {"model": "my_dict.worden", "pk": 327, "fields": {"user": 3, "english": "pedantic", "audio": "//voices.tureng.co/files/en-US/db/db215678-25a7-4364-aec7-5c2cdfd1dec3.mp3", "create_time": "2021-01-13T18:25:37.183Z", "is_learned": false, "is_seen": true, "is_starred": false}}, {"model": "my_dict.worden", "pk": 342, "fields": {"user": 3, "english": "rapport", "audio": "//voices.tureng.co/files/en-US/51/5151af69-9e63-44a8-920f-fefd01cc6252.mp3", "create_time": "2021-01-13T14:06:18.130Z", "is_learned": false, "is_seen": false, "is_starred": true}}, {"model": "my_dict.worden", "pk": 344, "fields": {"user": 3, "english": "umbrageous", "audio": "//voices.tureng.co/files/en-US/17/1760afb5-b250-4fd9-b106-76b6661194c1.mp3", "create_time": "2021-01-13T14:06:18.902Z", "is_learned": false, "is_seen": true, "is_starred": false}}, {"model": "my_dict.worden", "pk": 353, "fields": {"user": 3, "english": "discombobulate", "audio": "//voices.tureng.co/files/en-US/bd/bd922eaf-903e-4d83-af80-258959f268f5.mp3", "create_time": "2021-01-14T12:59:22.173Z", "is_learned": false, "is_seen": false, "is_starred": false}}, {"model": "my_dict.worden", "pk": 355, "fields": {"user": 3, "english": "servile", "audio": "//voices.tureng.co/files/en-US/52/5232a609-d4a4-4129-a052-d5fb015be27b.mp3", "create_time": "2021-01-14T12:59:22.834Z", "is_learned": false, "is_seen": false, "is_starred": false}}, {"model": "my_dict.worden", "pk": 357, "fields": {"user": 3, "english": "ergo", "audio": "//voices.tureng.co/files/en-US/f2/f25375fb-308b-4105-9b33-801adfefebeb.mp3", "create_time": "2021-01-15T14:15:32.404Z", "is_learned": false, "is_seen": false, "is_starred": false}}, {"model": "my_dict.worden", "pk": 368, "fields": {"user": 3, "english": "effusive", "audio": "//voices.tureng.co/files/en-US/a8/a83b0533-0776-4043-92b7-1c090699c1ca.mp3", "create_time": "2021-01-16T13:20:16.258Z", "is_learned": false, "is_seen": false, "is_starred": false}}, {"model": "my_dict.worden", "pk": 369, "fields": {"user": 3, "english": "lever", "audio": "//voices.tureng.co/files/en-US/9b/9b1b2d1f-5f9a-443a-9dec-0df8dd65dbd1.mp3", "create_time": "2021-01-16T13:20:16.763Z", "is_learned": false, "is_seen": false, "is_starred": false}}, {"model": "my_dict.worden", "pk": 394, "fields": {"user": 3, "english": "modicum", "audio": "//voices.tureng.co/files/en-US/e1/e12df7bc-f906-4254-8452-ac168f815f98.mp3", "create_time": "2021-01-17T18:38:38.673Z", "is_learned": false, "is_seen": false, "is_starred": true}}, {"model": "my_dict.worden", "pk": 396, "fields": {"user": 3, "english": "fiction", "audio": "//voices.tureng.co/files/en-US/17/17c38b63-f680-4831-a88e-283dd6a8a6e7.mp3", "create_time": "2021-01-17T18:51:11.477Z", "is_learned": false, "is_seen": false, "is_starred": true}}, {"model": "my_dict.worden", "pk": 397, "fields": {"user": 3, "english": "preeminent", "audio": "//voices.tureng.co/files/en-US/bc/bc5e69f5-3062-4c5d-a244-c689de6a58a2.mp3", "create_time": "2021-02-07T14:44:42.574Z", "is_learned": false, "is_seen": false, "is_starred": true}}, {"model": "my_dict.worden", "pk": 398, "fields": {"user": 3, "english": "courtesy", "audio": "//voices.tureng.co/files/en-US/46/463278db-2654-487e-9fd8-9757a7b039d0.mp3", "create_time": "2021-02-07T14:44:43.039Z", "is_learned": false, "is_seen": false, "is_starred": true}}, {"model": "my_dict.worden", "pk": 399, "fields": {"user": 3, "english": "inextricably", "audio": "//voices.tureng.co/files/en-US/87/87b373a0-46cf-44f4-9e7c-4c13ffb44656.mp3", "create_time": "2021-02-07T14:44:43.359Z", "is_learned": false, "is_seen": false, "is_starred": true}}, {"model": "my_dict.worden", "pk": 417, "fields": {"user": 3, "english": "promise", "audio": "//voices.tureng.co/files/en-US/92/9278ea28-db0a-4cbe-9b19-0b570d5b2c38.mp3", "create_time": "2021-01-21T16:16:54.366Z", "is_learned": false, "is_seen": false, "is_starred": true}}, {"model": "my_dict.worden", "pk": 479, "fields": {"user": 3, "english": "accommodation", "audio": "//voices.tureng.co/files/en-US/90/90fa6f93-0dbe-4da8-93ae-7b88957b661d.mp3", "create_time": "2021-01-31T13:33:25.063Z", "is_learned": false, "is_seen": false, "is_starred": false}}, {"model": "my_dict.worden", "pk": 480, "fields": {"user": 3, "english": "quisling", "audio": "//voices.tureng.co/files/en-US/b7/b7263671-fbab-4ffa-be59-e41825859605.mp3", "create_time": "2021-02-03T12:14:19.879Z", "is_learned": false, "is_seen": false, "is_starred": false}}, {"model": "my_dict.worden", "pk": 481, "fields": {"user": 3, "english": "yarner", "audio": "derz dolduran boru döþeyici", "create_time": "2021-02-03T12:14:21.331Z", "is_learned": false, "is_seen": false, "is_starred": false}}, {"model": "my_dict.worden", "pk": 483, "fields": {"user": 3, "english": "vulcanize", "audio": "//voices.tureng.co/files/en-US/f0/f03d7b7d-d707-451b-9c8d-683c26bbe08d.mp3", "create_time": "2021-02-04T15:22:33.554Z", "is_learned": false, "is_seen": false, "is_starred": false}}, {"model": "my_dict.worden", "pk": 484, "fields": {"user": 3, "english": "quagmire", "audio": "//voices.tureng.co/files/en-US/98/98ee8efe-0b16-4661-9839-52671e3af51a.mp3", "create_time": "2021-02-04T15:50:36.373Z", "is_learned": false, "is_seen": false, "is_starred": false}}, {"model": "my_dict.worden", "pk": 485, "fields": {"user": 3, "english": "prepossessing", "audio": "//voices.tureng.co/files/en-US/c4/c4a5b602-65b6-4868-a0ca-4cebdcdd59c3.mp3", "create_time": "2021-02-04T15:50:37.420Z", "is_learned": false, "is_seen": false, "is_starred": false}}, {"model": "my_dict.worden", "pk": 486, "fields": {"user": 3, "english": "flourish", "audio": "//voices.tureng.co/files/en-US/1c/1c858407-c319-4d6c-91e4-185533c3bbc9.mp3", "create_time": "2021-02-04T15:50:39.293Z", "is_learned": false, "is_seen": false, "is_starred": false}}, {"model": "my_dict.worden", "pk": 488, "fields": {"user": 3, "english": "ragamuffin", "audio": "//voices.tureng.co/files/en-US/4a/4aee7632-180d-455e-b6e3-831cbad9d41c.mp3", "create_time": "2021-02-07T14:43:41.909Z", "is_learned": false, "is_seen": false, "is_starred": false}}, {"model": "my_dict.wordtr", "pk": 1, "fields": {"english": null, "turkish": "duayen"}}, {"model": "my_dict.wordtr", "pk": 2, "fields": {"english": null, "turkish": "duayen"}}, {"model": "my_dict.wordtr", "pk": 3, "fields": {"english": null, "turkish": "duayen"}}, {"model": "my_dict.wordtr", "pk": 4, "fields": {"english": null, "turkish": "duayen"}}, {"model": "my_dict.wordtr", "pk": 5, "fields": {"english": null, "turkish": "hesaplarý denetlemek"}}, {"model": "my_dict.wordtr", "pk": 6, "fields": {"english": null, "turkish": "hesaplarý denetlemek"}}, {"model": "my_dict.wordtr", "pk": 46, "fields": {"english": 95, "turkish": "faydalý"}}, {"model": "my_dict.wordtr", "pk": 157, "fields": {"english": 196, "turkish": "önceden algýlayan"}}, {"model": "my_dict.wordtr", "pk": 158, "fields": {"english": 197, "turkish": "anayasa"}}, {"model": "my_dict.wordtr", "pk": 159, "fields": {"english": 198, "turkish": "fiilen"}}, {"model": "my_dict.wordtr", "pk": 160, "fields": {"english": 199, "turkish": "þiþmanlatmak"}}, {"model": "my_dict.wordtr", "pk": 161, "fields": {"english": 199, "turkish": "semirtmek"}}, {"model": "my_dict.wordtr", "pk": 162, "fields": {"english": 199, "turkish": "yað"}}, {"model": "my_dict.wordtr", "pk": 163, "fields": {"english": 200, "turkish": "korkmak"}}, {"model": "my_dict.wordtr", "pk": 164, "fields": {"english": 200, "turkish": "korku"}}, {"model": "my_dict.wordtr", "pk": 165, "fields": {"english": 201, "turkish": "karýnca"}}, {"model": "my_dict.wordtr", "pk": 166, "fields": {"english": 202, "turkish": "erkek"}}, {"model": "my_dict.wordtr", "pk": 167, "fields": {"english": 203, "turkish": "zalim"}}, {"model": "my_dict.wordtr", "pk": 168, "fields": {"english": 204, "turkish": "yýrtýlmak"}}, {"model": "my_dict.wordtr", "pk": 169, "fields": {"english": 205, "turkish": "terlemek"}}, {"model": "my_dict.wordtr", "pk": 170, "fields": {"english": 206, "turkish": "sövmek"}}, {"model": "my_dict.wordtr", "pk": 171, "fields": {"english": 207, "turkish": "piyano çalgý"}}, {"model": "my_dict.wordtr", "pk": 172, "fields": {"english": 208, "turkish": "problem"}}, {"model": "my_dict.wordtr", "pk": 173, "fields": {"english": 209, "turkish": "büyüleyici"}}, {"model": "my_dict.wordtr", "pk": 174, "fields": {"english": 210, "turkish": "yýkkýn"}}, {"model": "my_dict.wordtr", "pk": 184, "fields": {"english": 216, "turkish": "av"}}, {"model": "my_dict.wordtr", "pk": 185, "fields": {"english": 216, "turkish": "dua"}}, {"model": "my_dict.wordtr", "pk": 194, "fields": {"english": 221, "turkish": "savunma yazýsý"}}, {"model": "my_dict.wordtr", "pk": 197, "fields": {"english": 224, "turkish": "-ebilirlik"}}, {"model": "my_dict.wordtr", "pk": 198, "fields": {"english": 224, "turkish": "yapabilmek"}}, {"model": "my_dict.wordtr", "pk": 208, "fields": {"english": 234, "turkish": "yüzer buz kristali"}}, {"model": "my_dict.wordtr", "pk": 209, "fields": {"english": 235, "turkish": "ayrý olarak düþünmek"}}, {"model": "my_dict.wordtr", "pk": 210, "fields": {"english": 236, "turkish": "abartý"}}, {"model": "my_dict.wordtr", "pk": 214, "fields": {"english": 240, "turkish": "ayrý olarak düþünmek"}}, {"model": "my_dict.wordtr", "pk": 215, "fields": {"english": 241, "turkish": "esneklik"}}, {"model": "my_dict.wordtr", "pk": 216, "fields": {"english": 242, "turkish": "abartý"}}, {"model": "my_dict.wordtr", "pk": 286, "fields": {"english": 305, "turkish": "herhangi bir yere"}}, {"model": "my_dict.wordtr", "pk": 307, "fields": {"english": 324, "turkish": "taklit"}}, {"model": "my_dict.wordtr", "pk": 310, "fields": {"english": 327, "turkish": "bilgiçlik taslayan"}}, {"model": "my_dict.wordtr", "pk": 325, "fields": {"english": 342, "turkish": "uyum"}}, {"model": "my_dict.wordtr", "pk": 327, "fields": {"english": 344, "turkish": "þüpheli"}}, {"model": "my_dict.wordtr", "pk": 336, "fields": {"english": 353, "turkish": "altüst etmek"}}, {"model": "my_dict.wordtr", "pk": 338, "fields": {"english": 355, "turkish": "süfli"}}, {"model": "my_dict.wordtr", "pk": 340, "fields": {"english": 357, "turkish": "binaenaleyh"}}, {"model": "my_dict.wordtr", "pk": 347, "fields": {"english": 368, "turkish": "coþkulu"}}, {"model": "my_dict.wordtr", "pk": 348, "fields": {"english": 369, "turkish": "manivela"}}, {"model": "my_dict.wordtr", "pk": 373, "fields": {"english": 394, "turkish": "biraz"}}, {"model": "my_dict.wordtr", "pk": 374, "fields": {"english": 396, "turkish": "kurgu"}}, {"model": "my_dict.wordtr", "pk": 375, "fields": {"english": 397, "turkish": "mümtaz"}}, {"model": "my_dict.wordtr", "pk": 376, "fields": {"english": 398, "turkish": "kibarlýk"}}, {"model": "my_dict.wordtr", "pk": 377, "fields": {"english": 399, "turkish": "içinden çýkýlamayacak þekilde"}}, {"model": "my_dict.wordtr", "pk": 403, "fields": {"english": 417, "turkish": "söz vermek"}}, {"model": "my_dict.wordtr", "pk": 471, "fields": {"english": 479, "turkish": "konaklama"}}, {"model": "my_dict.wordtr", "pk": 472, "fields": {"english": 480, "turkish": "vatan haini"}}, {"model": "my_dict.wordtr", "pk": 473, "fields": {"english": 481, "turkish": "masal anlatýcýsý"}}, {"model": "my_dict.wordtr", "pk": 475, "fields": {"english": 483, "turkish": "kükürtle iþlemek"}}, {"model": "my_dict.wordtr", "pk": 476, "fields": {"english": 484, "turkish": "çýkmaz"}}, {"model": "my_dict.wordtr", "pk": 477, "fields": {"english": 485, "turkish": "çekici"}}, {"model": "my_dict.wordtr", "pk": 478, "fields": {"english": 486, "turkish": "süslü konuþmak"}}, {"model": "my_dict.wordtr", "pk": 480, "fields": {"english": 488, "turkish": "sokak çocuðu"}}, {"model": "my_dict.search", "pk": 513, "fields": {"user": 1, "english": "slim", "create_time": "2020-12-20T17:43:45.314Z"}}, {"model": "my_dict.search", "pk": 514, "fields": {"user": 1, "english": "fierce", "create_time": "2020-12-20T17:43:55.897Z"}}, {"model": "my_dict.search", "pk": 515, "fields": {"user": 1, "english": "word", "create_time": "2020-12-20T18:19:25.587Z"}}, {"model": "my_dict.search", "pk": 516, "fields": {"user": 1, "english": "angry ", "create_time": "2020-12-20T18:20:41.349Z"}}, {"model": "my_dict.search", "pk": 517, "fields": {"user": 1, "english": "enraged ", "create_time": "2020-12-20T18:20:52.665Z"}}, {"model": "my_dict.search", "pk": 518, "fields": {"user": 1, "english": "cheerful ", "create_time": "2020-12-20T18:20:56.449Z"}}, {"model": "my_dict.search", "pk": 519, "fields": {"user": 1, "english": "brat", "create_time": "2020-12-20T18:28:55.307Z"}}, {"model": "my_dict.search", "pk": 520, "fields": {"user": 1, "english": "interesting", "create_time": "2020-12-21T12:03:05.504Z"}}, {"model": "my_dict.search", "pk": 521, "fields": {"user": 1, "english": "work", "create_time": "2020-12-21T12:30:52.729Z"}}, {"model": "my_dict.search", "pk": 522, "fields": {"user": 1, "english": "rude", "create_time": "2020-12-21T12:38:42.976Z"}}, {"model": "my_dict.search", "pk": 523, "fields": {"user": 1, "english": "asdsaa", "create_time": "2020-12-21T13:01:53.772Z"}}, {"model": "my_dict.search", "pk": 524, "fields": {"user": 1, "english": "selam", "create_time": "2020-12-21T13:02:00.313Z"}}, {"model": "my_dict.search", "pk": 525, "fields": {"user": 1, "english": "kibar", "create_time": "2020-12-21T13:02:55.336Z"}}, {"model": "my_dict.search", "pk": 526, "fields": {"user": 1, "english": "car", "create_time": "2020-12-21T13:27:31.896Z"}}, {"model": "my_dict.search", "pk": 527, "fields": {"user": 1, "english": "expression", "create_time": "2020-12-21T14:56:41.127Z"}}, {"model": "my_dict.search", "pk": 528, "fields": {"user": 1, "english": "swim", "create_time": "2021-01-03T13:40:33.430Z"}}, {"model": "my_dict.search", "pk": 529, "fields": {"user": 1, "english": "people", "create_time": "2020-12-22T17:29:08.581Z"}}, {"model": "my_dict.search", "pk": 530, "fields": {"user": 1, "english": "kind", "create_time": "2020-12-23T12:05:44.124Z"}}, {"model": "my_dict.search", "pk": 531, "fields": {"user": 1, "english": "güzel", "create_time": "2020-12-23T12:06:37.739Z"}}, {"model": "my_dict.search", "pk": 532, "fields": {"user": 1, "english": "()", "create_time": "2020-12-24T12:59:22.923Z"}}, {"model": "my_dict.search", "pk": 533, "fields": {"user": 1, "english": null, "create_time": "2020-12-24T13:32:38.115Z"}}, {"model": "my_dict.search", "pk": 534, "fields": {"user": 1, "english": "rap", "create_time": "2020-12-24T13:45:24.659Z"}}, {"model": "my_dict.search", "pk": 535, "fields": {"user": 1, "english": "approval ", "create_time": "2020-12-24T13:45:30.427Z"}}, {"model": "my_dict.search", "pk": 536, "fields": {"user": 1, "english": "amiable ", "create_time": "2020-12-24T13:56:07.498Z"}}, {"model": "my_dict.search", "pk": 537, "fields": {"user": 1, "english": "efficacious", "create_time": "2020-12-24T14:02:55.079Z"}}, {"model": "my_dict.search", "pk": 538, "fields": {"user": 1, "english": "sugarplum", "create_time": "2020-12-24T14:08:36.933Z"}}, {"model": "my_dict.search", "pk": 539, "fields": {"user": 1, "english": " + i + ", "create_time": "2020-12-25T15:24:32.732Z"}}, {"model": "my_dict.search", "pk": 540, "fields": {"user": 1, "english": "' + i + '", "create_time": "2020-12-25T15:46:03.530Z"}}, {"model": "my_dict.search", "pk": 541, "fields": {"user": 1, "english": "unprecedented", "create_time": "2020-12-25T16:43:27.935Z"}}, {"model": "my_dict.search", "pk": 542, "fields": {"user": 1, "english": "freak", "create_time": "2020-12-25T16:45:07.163Z"}}, {"model": "my_dict.search", "pk": 543, "fields": {"user": 1, "english": "unemployeement", "create_time": "2020-12-25T16:45:18.717Z"}}, {"model": "my_dict.search", "pk": 544, "fields": {"user": 1, "english": "fistic", "create_time": "2020-12-26T15:28:10.254Z"}}, {"model": "my_dict.search", "pk": 545, "fields": {"user": 1, "english": "frame", "create_time": "2020-12-26T15:45:27.083Z"}}, {"model": "my_dict.search", "pk": 546, "fields": {"user": 1, "english": "disorganization ", "create_time": "2020-12-26T16:36:42.455Z"}}, {"model": "my_dict.search", "pk": 547, "fields": {"user": 1, "english": "plum", "create_time": "2020-12-26T17:38:42.648Z"}}, {"model": "my_dict.search", "pk": 548, "fields": {"user": 1, "english": "fear", "create_time": "2020-12-26T17:57:09.823Z"}}, {"model": "my_dict.search", "pk": 549, "fields": {"user": 1, "english": "earn", "create_time": "2020-12-29T14:33:26.303Z"}}, {"model": "my_dict.search", "pk": 550, "fields": {"user": 1, "english": "fat", "create_time": "2020-12-29T15:11:10.644Z"}}, {"model": "my_dict.search", "pk": 551, "fields": {"user": 1, "english": "gorgeous", "create_time": "2020-12-30T13:45:58.273Z"}}, {"model": "my_dict.search", "pk": 552, "fields": {"user": 1, "english": "ant", "create_time": "2020-12-30T13:47:31.697Z"}}, {"model": "my_dict.search", "pk": 553, "fields": {"user": 1, "english": "male", "create_time": "2020-12-30T13:47:43.049Z"}}, {"model": "my_dict.search", "pk": 554, "fields": {"user": 1, "english": "cruel", "create_time": "2020-12-30T13:47:48.553Z"}}, {"model": "my_dict.search", "pk": 555, "fields": {"user": 1, "english": "tear", "create_time": "2020-12-30T13:47:53.849Z"}}, {"model": "my_dict.search", "pk": 556, "fields": {"user": 1, "english": "sweat", "create_time": "2020-12-30T13:47:59.294Z"}}, {"model": "my_dict.search", "pk": 557, "fields": {"user": 1, "english": "swear", "create_time": "2020-12-30T13:48:05.769Z"}}, {"model": "my_dict.search", "pk": 558, "fields": {"user": 1, "english": "piano", "create_time": "2020-12-30T13:48:12.070Z"}}, {"model": "my_dict.search", "pk": 559, "fields": {"user": 1, "english": "problem", "create_time": "2020-12-30T13:48:18.092Z"}}, {"model": "my_dict.search", "pk": 560, "fields": {"user": 1, "english": "fascinating", "create_time": "2020-12-30T13:48:24.283Z"}}, {"model": "my_dict.search", "pk": 561, "fields": {"user": 1, "english": "dilapidated", "create_time": "2020-12-30T13:48:35.026Z"}}, {"model": "my_dict.search", "pk": 562, "fields": {"user": 1, "english": "fearsome", "create_time": "2020-12-30T13:48:40.945Z"}}, {"model": "my_dict.search", "pk": 563, "fields": {"user": 1, "english": null, "create_time": "2021-01-01T13:14:11.339Z"}}, {"model": "my_dict.search", "pk": 564, "fields": {"user": 1, "english": "rude", "create_time": "2021-01-01T13:14:47.216Z"}}, {"model": "my_dict.search", "pk": 565, "fields": {"user": 1, "english": "paginate", "create_time": "2021-01-01T13:15:06.470Z"}}, {"model": "my_dict.search", "pk": 566, "fields": {"user": 1, "english": "paginate", "create_time": "2021-01-01T13:16:22.599Z"}}, {"model": "my_dict.search", "pk": 567, "fields": {"user": 1, "english": "paginate", "create_time": "2021-01-01T13:18:30.140Z"}}, {"model": "my_dict.search", "pk": 568, "fields": {"user": 1, "english": "paginate", "create_time": "2021-01-01T13:18:50.489Z"}}, {"model": "my_dict.search", "pk": 569, "fields": {"user": 1, "english": "paginate", "create_time": "2021-01-01T13:19:11.040Z"}}, {"model": "my_dict.search", "pk": 570, "fields": {"user": 1, "english": "money", "create_time": "2021-01-01T13:21:39.147Z"}}, {"model": "my_dict.search", "pk": 571, "fields": {"user": 1, "english": "money", "create_time": "2021-01-01T13:22:24.151Z"}}, {"model": "my_dict.search", "pk": 572, "fields": {"user": 1, "english": "profit", "create_time": "2021-01-01T13:22:49.272Z"}}, {"model": "my_dict.search", "pk": 573, "fields": {"user": 1, "english": "profit", "create_time": "2021-01-01T13:23:39.173Z"}}, {"model": "my_dict.search", "pk": 574, "fields": {"user": 1, "english": "carpe diem", "create_time": "2021-01-03T13:22:48.610Z"}}, {"model": "my_dict.search", "pk": 575, "fields": {"user": 1, "english": "nope", "create_time": "2021-01-01T15:45:11.563Z"}}, {"model": "my_dict.search", "pk": 576, "fields": {"user": 1, "english": "fiscal", "create_time": "2021-01-01T15:43:16.426Z"}}, {"model": "my_dict.search", "pk": 577, "fields": {"user": 1, "english": "tame", "create_time": "2021-01-01T15:43:27.787Z"}}, {"model": "my_dict.search", "pk": 578, "fields": {"user": 1, "english": "dictionary", "create_time": "2021-01-01T15:43:32.599Z"}}, {"model": "my_dict.search", "pk": 579, "fields": {"user": 1, "english": "worm", "create_time": "2021-01-01T15:43:36.832Z"}}, {"model": "my_dict.search", "pk": 580, "fields": {"user": 1, "english": "home", "create_time": "2021-01-01T15:43:41.164Z"}}, {"model": "my_dict.search", "pk": 581, "fields": {"user": 1, "english": "plead", "create_time": "2021-01-01T15:43:45.553Z"}}, {"model": "my_dict.search", "pk": 582, "fields": {"user": 1, "english": "painful", "create_time": "2021-01-01T15:45:32.268Z"}}, {"model": "my_dict.search", "pk": 583, "fields": {"user": 1, "english": "folk", "create_time": "2021-01-01T15:43:58.580Z"}}, {"model": "my_dict.search", "pk": 584, "fields": {"user": 1, "english": "exit", "create_time": "2021-01-01T15:44:08.007Z"}}, {"model": "my_dict.search", "pk": 585, "fields": {"user": 1, "english": "quit", "create_time": "2021-01-02T17:51:31.473Z"}}, {"model": "my_dict.search", "pk": 586, "fields": {"user": 1, "english": "malice", "create_time": "2021-01-01T15:44:19.282Z"}}, {"model": "my_dict.search", "pk": 587, "fields": {"user": 1, "english": "furry", "create_time": "2021-01-01T15:44:29.833Z"}}, {"model": "my_dict.search", "pk": 588, "fields": {"user": 1, "english": "sarcasm", "create_time": "2021-01-01T15:44:41.450Z"}}, {"model": "my_dict.search", "pk": 589, "fields": {"user": 1, "english": "sunny", "create_time": "2021-01-01T15:44:47.225Z"}}, {"model": "my_dict.search", "pk": 590, "fields": {"user": 1, "english": "agonize", "create_time": "2021-01-03T13:46:05.368Z"}}, {"model": "my_dict.search", "pk": 591, "fields": {"user": 1, "english": "satirize", "create_time": "2021-01-01T15:44:59.791Z"}}, {"model": "my_dict.search", "pk": 592, "fields": {"user": 1, "english": "dunk", "create_time": "2021-01-01T15:45:23.349Z"}}, {"model": "my_dict.search", "pk": 593, "fields": {"user": 1, "english": "is", "create_time": "2021-01-01T15:55:28.597Z"}}, {"model": "my_dict.search", "pk": 594, "fields": {"user": 1, "english": "as", "create_time": "2021-01-01T15:55:44.628Z"}}, {"model": "my_dict.search", "pk": 595, "fields": {"user": 1, "english": "is that so", "create_time": "2021-01-01T16:03:42.912Z"}}, {"model": "my_dict.search", "pk": 596, "fields": {"user": 1, "english": "hand", "create_time": "2021-01-02T17:51:05.345Z"}}, {"model": "my_dict.search", "pk": 597, "fields": {"user": 1, "english": "undefined", "create_time": "2021-01-03T13:17:33.865Z"}}, {"model": "my_dict.search", "pk": 598, "fields": {"user": 1, "english": "mince", "create_time": "2021-01-03T13:22:56.862Z"}}, {"model": "my_dict.search", "pk": 599, "fields": {"user": 1, "english": "dear", "create_time": "2021-01-03T13:30:11.994Z"}}, {"model": "my_dict.search", "pk": 600, "fields": {"user": 1, "english": "bicycle", "create_time": "2021-01-03T13:46:12.206Z"}}, {"model": "my_dict.search", "pk": 601, "fields": {"user": 1, "english": "slime", "create_time": "2021-01-03T14:07:23.819Z"}}, {"model": "my_dict.search", "pk": 602, "fields": {"user": 1, "english": "frazil", "create_time": "2021-01-03T15:37:36.078Z"}}, {"model": "my_dict.search", "pk": 603, "fields": {"user": 3, "english": "dense", "create_time": "2021-01-21T18:20:38.084Z"}}, {"model": "my_dict.search", "pk": 604, "fields": {"user": 3, "english": "slim", "create_time": "2021-01-06T14:44:07.527Z"}}, {"model": "my_dict.search", "pk": 605, "fields": {"user": 3, "english": "undefined", "create_time": "2021-01-06T18:16:53.392Z"}}, {"model": "my_dict.search", "pk": 606, "fields": {"user": 3, "english": "fine", "create_time": "2021-01-07T17:30:37.392Z"}}, {"model": "my_dict.search", "pk": 607, "fields": {"user": 3, "english": "team", "create_time": "2021-01-06T18:52:06.991Z"}}, {"model": "my_dict.search", "pk": 608, "fields": {"user": 3, "english": "lineup ", "create_time": "2021-01-10T18:46:06.862Z"}}, {"model": "my_dict.search", "pk": 609, "fields": {"user": 3, "english": "meal", "create_time": "2021-01-19T17:01:43.449Z"}}, {"model": "my_dict.search", "pk": 610, "fields": {"user": 3, "english": "carpe diem", "create_time": "2021-01-12T13:40:12.620Z"}}, {"model": "my_dict.search", "pk": 611, "fields": {"user": 3, "english": "word", "create_time": "2021-01-10T19:03:20.651Z"}}, {"model": "my_dict.search", "pk": 612, "fields": {"user": 3, "english": "haptic", "create_time": "2021-01-10T17:02:46.476Z"}}, {"model": "my_dict.search", "pk": 613, "fields": {"user": 3, "english": "adsda", "create_time": "2021-01-10T17:13:59.751Z"}}, {"model": "my_dict.search", "pk": 614, "fields": {"user": 3, "english": "jhgj", "create_time": "2021-01-10T17:18:12.805Z"}}, {"model": "my_dict.search", "pk": 615, "fields": {"user": 3, "english": "asdsadas", "create_time": "2021-01-10T17:25:59.780Z"}}, {"model": "my_dict.search", "pk": 616, "fields": {"user": 3, "english": "lkjlk", "create_time": "2021-01-10T17:26:55.459Z"}}, {"model": "my_dict.search", "pk": 617, "fields": {"user": 3, "english": null, "create_time": "2021-01-10T18:10:52.669Z"}}, {"model": "my_dict.search", "pk": 618, "fields": {"user": 3, "english": "fear", "create_time": "2021-01-14T13:47:16.865Z"}}, {"model": "my_dict.search", "pk": 619, "fields": {"user": 3, "english": "vire", "create_time": "2021-01-10T18:26:13.780Z"}}, {"model": "my_dict.search", "pk": 620, "fields": {"user": 3, "english": "prospective", "create_time": "2021-01-10T18:18:49.807Z"}}, {"model": "my_dict.search", "pk": 621, "fields": {"user": 3, "english": "palisad", "create_time": "2021-01-10T18:12:33.093Z"}}, {"model": "my_dict.search", "pk": 622, "fields": {"user": 3, "english": "conversation ", "create_time": "2021-01-10T19:03:44.384Z"}}, {"model": "my_dict.search", "pk": 623, "fields": {"user": 3, "english": "wold", "create_time": "2021-01-12T15:42:35.812Z"}}, {"model": "my_dict.search", "pk": 624, "fields": {"user": 3, "english": "orb", "create_time": "2021-01-31T13:43:25.735Z"}}, {"model": "my_dict.search", "pk": 625, "fields": {"user": 3, "english": "earnings", "create_time": "2021-01-16T15:41:49.490Z"}}, {"model": "my_dict.search", "pk": 626, "fields": {"user": 3, "english": "are you ok", "create_time": "2021-01-21T18:28:27.461Z"}}, {"model": "my_dict.search", "pk": 627, "fields": {"user": 3, "english": "None", "create_time": "2021-01-13T15:26:04.187Z"}}, {"model": "my_dict.search", "pk": 628, "fields": {"user": 3, "english": "element", "create_time": "2021-01-21T17:51:37.113Z"}}, {"model": "my_dict.search", "pk": 629, "fields": {"user": 3, "english": "yemek", "create_time": "2021-01-19T14:04:06.920Z"}}, {"model": "my_dict.search", "pk": 630, "fields": {"user": 3, "english": "baksheesh", "create_time": "2021-01-16T15:57:01.333Z"}}, {"model": "my_dict.search", "pk": 631, "fields": {"user": 3, "english": "feel", "create_time": "2021-01-16T15:57:41.944Z"}}, {"model": "my_dict.search", "pk": 632, "fields": {"user": 3, "english": "frog", "create_time": "2021-01-16T16:02:39.509Z"}}, {"model": "my_dict.search", "pk": 633, "fields": {"user": 3, "english": "servile", "create_time": "2021-01-16T17:30:55.332Z"}}, {"model": "my_dict.search", "pk": 634, "fields": {"user": 3, "english": "terrene", "create_time": "2021-01-16T17:31:12.770Z"}}, {"model": "my_dict.search", "pk": 635, "fields": {"user": 3, "english": "at", "create_time": "2021-01-31T15:42:25.986Z"}}, {"model": "my_dict.search", "pk": 636, "fields": {"user": 3, "english": "earn", "create_time": "2021-01-19T17:04:42.563Z"}}, {"model": "my_dict.search", "pk": 637, "fields": {"user": 3, "english": "earning", "create_time": "2021-01-21T13:51:24.869Z"}}, {"model": "my_dict.search", "pk": 638, "fields": {"user": 3, "english": "fiction", "create_time": "2021-01-21T18:20:09.045Z"}}, {"model": "my_dict.search", "pk": 639, "fields": {"user": 3, "english": "mobile training", "create_time": "2021-01-21T13:43:22.403Z"}}, {"model": "my_dict.search", "pk": 640, "fields": {"user": 3, "english": "learn", "create_time": "2021-01-21T16:15:19.161Z"}}, {"model": "my_dict.search", "pk": 641, "fields": {"user": 3, "english": "promise", "create_time": "2021-01-21T16:16:49.699Z"}}, {"model": "my_dict.search", "pk": 642, "fields": {"user": 3, "english": "slave", "create_time": "2021-01-21T14:14:54.302Z"}}, {"model": "my_dict.search", "pk": 643, "fields": {"user": 3, "english": "man", "create_time": "2021-01-31T13:46:18.088Z"}}, {"model": "my_dict.search", "pk": 644, "fields": {"user": 3, "english": "eat one's heart out", "create_time": "2021-01-21T18:40:32.655Z"}}, {"model": "my_dict.search", "pk": 645, "fields": {"user": 3, "english": "the school", "create_time": "2021-01-24T12:36:01.711Z"}}, {"model": "my_dict.search", "pk": 646, "fields": {"user": 3, "english": "university of life", "create_time": "2021-01-24T12:36:14.050Z"}}, {"model": "my_dict.search", "pk": 647, "fields": {"user": 3, "english": "optimization", "create_time": "2021-01-25T14:52:01.903Z"}}, {"model": "my_dict.search", "pk": 648, "fields": {"user": 3, "english": "itinerant", "create_time": "2021-01-27T13:06:58.675Z"}}, {"model": "my_dict.search", "pk": 649, "fields": {"user": 3, "english": "categorical", "create_time": "2021-01-31T13:37:21.046Z"}}, {"model": "my_dict.search", "pk": 650, "fields": {"user": 3, "english": "hardcore", "create_time": "2021-01-29T12:20:36.714Z"}}, {"model": "my_dict.search", "pk": 651, "fields": {"user": 3, "english": "asd", "create_time": "2021-01-30T18:27:27.407Z"}}, {"model": "my_dict.search", "pk": 652, "fields": {"user": 3, "english": "by the handful", "create_time": "2021-01-31T14:01:35.996Z"}}, {"model": "my_dict.search", "pk": 653, "fields": {"user": 3, "english": "asterisk", "create_time": "2021-02-03T15:45:56.633Z"}}, {"model": "my_dict.search", "pk": 654, "fields": {"user": 3, "english": "flourish", "create_time": "2021-02-04T14:41:42.305Z"}}, {"model": "my_dict.search", "pk": 655, "fields": {"user": 3, "english": "umbrageous", "create_time": "2021-02-04T15:20:55.217Z"}}, {"model": "my_dict.search", "pk": 656, "fields": {"user": 3, "english": "vulcanize", "create_time": "2021-02-04T15:22:05.676Z"}}, {"model": "my_dict.search", "pk": 657, "fields": {"user": 3, "english": "beamishly", "create_time": "2021-02-04T17:58:50.077Z"}}, {"model": "my_dict.search", "pk": 658, "fields": {"user": 3, "english": "absolve", "create_time": "2021-02-05T15:30:49.376Z"}}, {"model": "my_dict.search", "pk": 659, "fields": {"user": 3, "english": "discombobulate", "create_time": "2021-02-05T15:33:18.867Z"}}, {"model": "my_dict.search", "pk": 660, "fields": {"user": 3, "english": "yarner", "create_time": "2021-02-05T18:34:20.765Z"}}, {"model": "sites.site", "pk": 1, "fields": {"domain": "ezberle.com", "name": "ezberle.com"}}, {"model": "account.emailaddress", "pk": 1, "fields": {"user": 2, "email": "asimtas13@gmail.com", "verified": false, "primary": true}}, {"model": "account.emailaddress", "pk": 2, "fields": {"user": 3, "email": "republicenemy@hotmail.com", "verified": false, "primary": true}}, {"model": "account.emailaddress", "pk": 3, "fields": {"user": 4, "email": "mtash3469@gmail.com", "verified": false, "primary": true}}, {"model": "socialaccount.socialapp", "pk": 1, "fields": {"provider": "google", "name": "Ezberle", "client_id": "324173602255-8uhp0tu7v4qgit9lange6tl6mh2mupij.apps.googleusercontent.com", "secret": "gkdsr5SwCGYJ0x-DI43zsQnE", "key": "", "sites": [1]}}]